<?xml version="1.0" encoding="UTF-8"?>
<project-private xmlns="http://www.netbeans.org/ns/project-private/1">
    <editor-bookmarks xmlns="http://www.netbeans.org/ns/editor-bookmarks/2" lastBookmarkId="0"/>
    <open-files xmlns="http://www.netbeans.org/ns/projectui-open-files/2">
        <group>
            <file>file:/F:/xampp/htdocs/AutomaticQuestionGenerator/resources/views/admin/home/homeContent.blade.php</file>
            <file>file:/F:/xampp/htdocs/AutomaticQuestionGenerator/routes/web.php</file>
        </group>
    </open-files>
</project-private>
