{
    "version": 1,
    "project": "networkx",
    "project_url": "https://networkx.org/",
    "repo": "..",
    "build_command": [
           "python -m pip install build",
           "python -m build .",
           "PIP_NO_BUILD_ISOLATION=false python -mpip wheel --no-deps --no-index -w {build_cache_dir} {build_dir}"
    ],
    "install_command": ["in-dir={env_dir} python -mpip install {wheel_file}"],
    "conda_channels": ["conda-forge"],
    "branches": ["main"],
    "environment_type": "conda",
    "show_commit_url": "http://github.com/networkx/networkx/commit/",
    "pythons": ["3.10", "3.11", "3.12"],
    "matrix": {
         "numpy": [],
         "scipy": [],
         "pandas": []
    }
}
