[
    {
        "name": "latest",
        "version": "latest",
        "url": "https://networkx.org/documentation/latest/"
    },
    {
        "name": "3.3 (stable)",
        "version":"3.3",
        "url": "https://networkx.org/documentation/stable/",
        "preferred": true
    },
    {
        "name": "3.2.1",
        "version":"3.2.1",
        "url": "https://networkx.org/documentation/networkx-3.2.1/"
    },
    {
        "name": "3.2",
        "version":"networkx-3.2",
        "url": "https://networkx.org/documentation/networkx-3.2/"
    }
]
